country,iso_code,year,population,gdp,co2,co2_per_capita,co2_growth_prct,methane,nitrous_oxide,total_ghg,ghg_per_capita,cumulative_co2,share_global_co2
Brazil,BRA,2000,174018278.0,1739728033832.0,340.183,1.955,3.95,417.31,123.375,2823.803,16.227,7522.605,1.333
Brazil,BRA,2001,176301201.0,1785513006345.0,346.166,1.963,1.759,429.615,127.265,2783.375,15.788,7868.771,1.347
Brazil,BRA,2002,178503485.0,1861742323845.0,347.765,1.948,0.462,450.588,132.379,2981.136,16.701,8216.536,1.324
Brazil,BRA,2003,180622688.0,1904932706436.0,344.645,1.908,-0.897,471.538,137.421,3846.776,21.297,8561.181,1.246
Brazil,BRA,2004,182675144.0,2038447931287.0,361.434,1.979,4.871,494.991,145.924,3313.758,18.14,8922.615,1.263
Brazil,BRA,2005,184688101.0,2129214530430.0,364.371,1.973,0.812,497.686,145.947,3057.048,16.552,9286.985,1.231
Brazil,BRA,2006,186653099.0,2240805319046.0,368.871,1.976,1.235,493.284,143.004,2819.171,15.104,9655.856,1.206
Brazil,BRA,2007,188552311.0,2405626901513.0,390.573,2.071,5.883,491.52,155.795,2745.828,14.563,10046.431,1.24
Brazil,BRA,2008,190367297.0,2559842659987.0,412.638,2.168,5.649,488.155,148.711,2616.45,13.744,10459.067,1.287
Brazil,BRA,2009,192079958.0,2589568436235.0,389.775,2.029,-5.541,486.858,144.287,2432.428,12.664,10848.843,1.237
Brazil,BRA,2010,193701931.0,2820492538862.0,440.269,2.273,12.955,507.871,162.328,2422.236,12.505,11289.112,1.321
Brazil,BRA,2011,195284736.0,2968455007203.0,461.911,2.365,4.916,505.267,159.959,2379.088,12.183,11751.023,1.34
Brazil,BRA,2012,196876113.0,3025484250011.0,497.468,2.527,7.698,506.852,161.607,2503.241,12.715,12248.492,1.423
Brazil,BRA,2013,198478290.0,3116394665745.0,531.569,2.678,6.855,506.459,161.161,2568.796,12.942,12780.061,1.507
Brazil,BRA,2014,200085126.0,3132099937531.0,556.526,2.781,4.695,512.64,167.812,2628.207,13.135,13336.586,1.569
Brazil,BRA,2015,201675534.0,3021043246476.0,528.174,2.619,-5.094,521.174,165.629,2617.904,12.981,13864.759,1.492
Brazil,BRA,2016,203218108.0,2922076150345.0,491.745,2.42,-6.897,524.133,164.676,2512.195,12.362,14356.505,1.389
Brazil,BRA,2017,204703440.0,2960731613785.0,497.255,2.429,1.12,522.645,173.265,2431.265,11.877,14853.759,1.382
Brazil,BRA,2018,206107265.0,3013541086239.0,476.601,2.312,-4.154,522.116,167.676,2423.189,11.757,15330.359,1.297
Brazil,BRA,2019,207455459.0,3050327159562.0,476.724,2.298,0.026,528.946,175.207,2468.734,11.9,15807.083,1.285
Brazil,BRA,2020,208660845.0,2950377451264.0,447.999,2.147,-6.025,535.772,183.761,2571.217,12.322,16255.082,1.274
Brazil,BRA,2021,209550291.0,3097565215045.0,496.562,2.37,10.84,545.361,189.952,2774.466,13.24,16751.645,1.347
Brazil,BRA,2022,210306411.0,3187412907763.0,480.058,2.283,-3.324,566.221,194.986,2875.004,13.671,17231.701,1.279
Brazil,BRA,2023,211140731.0,,483.992,2.292,0.819,566.203,196.181,2817.818,13.346,17715.695,1.271
China,CHN,2000,1269581174.0,5952682232028.0,3643.81,2.87,2.644,950.032,372.301,5282.098,4.161,75665.578,14.283
China,CHN,2001,1278725061.0,6329737256820.0,3724.114,2.912,2.204,957.323,371.259,5282.242,4.131,79389.695,14.495
China,CHN,2002,1286866835.0,6814493895929.0,4098.181,3.185,10.044,961.78,388.482,5600.191,4.352,83487.875,15.603
China,CHN,2003,1294517323.0,7248623080792.0,4835.251,3.735,17.985,1007.435,398.818,6373.199,4.923,88323.133,17.486
China,CHN,2004,1302100316.0,7830953177799.0,5210.961,4.002,7.77,1069.441,418.315,6840.591,5.254,93534.086,18.214
China,CHN,2005,1310027135.0,8602939667333.0,5881.991,4.49,12.877,1119.984,435.414,7551.543,5.764,99416.078,19.872
China,CHN,2006,1318054030.0,9489543138489.0,6486.185,4.921,10.272,1162.008,447.929,8215.579,6.233,105902.258,21.201
China,CHN,2007,1325813576.0,10358206113742.0,6974.663,5.261,7.531,1176.147,458.677,8701.73,6.563,112876.93,22.142
China,CHN,2008,1333821011.0,10799148337884.0,7492.404,5.617,7.423,1183.054,462.386,9244.5,6.931,120369.328,23.377
China,CHN,2009,1342522717.0,11572544299171.0,7881.491,5.871,5.193,1197.731,441.753,9644.707,7.184,128250.82,25.01
China,CHN,2010,1351561505.0,12858808500983.0,8610.048,6.37,9.244,1241.241,447.392,10308.954,7.627,136860.875,25.842
China,CHN,2011,1360250658.0,13691526496125.0,9520.153,6.999,10.57,1323.284,453.959,11352.635,8.346,146381.031,27.611
China,CHN,2012,1369520866.0,14773157494771.0,9767.311,7.132,2.596,1319.353,460.654,11526.329,8.416,156148.328,27.943
China,CHN,2013,1379008040.0,15925464549520.0,9942.371,7.21,1.792,1330.891,461.947,11692.455,8.479,166090.703,28.185
China,CHN,2014,1387951970.0,17103948867278.0,9976.027,7.188,0.339,1340.685,464.422,11689.33,8.422,176066.734,28.129
China,CHN,2015,1396134171.0,18301224436466.0,9858.04,7.061,-1.183,1341.393,466.877,11642.968,8.339,185924.781,27.845
China,CHN,2016,1404052628.0,19545709173693.0,9748.175,6.943,-1.114,1299.595,466.111,11382.781,8.107,195672.953,27.543
China,CHN,2017,1412354730.0,20894362082435.0,10000.014,7.08,2.583,1319.021,463.766,11622.925,8.229,205672.953,27.797
China,CHN,2018,1419008954.0,22294284747546.0,10346.79,7.292,3.468,1354.933,461.258,11989.896,8.449,216019.75,28.167
China,CHN,2019,1423520357.0,23631941251482.0,10713.515,7.526,3.544,1373.722,453.971,12322.384,8.656,226733.266,28.888
China,CHN,2020,1426106093.0,24151843898871.0,10896.521,7.641,1.708,1398.962,455.387,12524.051,8.782,237629.781,30.993
China,CHN,2021,1426437269.0,26180600167672.0,11284.401,7.911,3.56,1450.486,465.801,12958.471,9.085,248914.188,30.609
China,CHN,2022,1425179562.0,26966016991166.0,11711.808,8.218,3.788,1513.475,464.382,13446.92,9.435,260625.984,31.208
China,CHN,2023,1422584930.0,,12172.009,8.556,3.929,1541.531,471.637,13934.404,9.795,272798.0,31.953
Denmark,DNK,2000,5339659.0,208333676429.0,54.307,10.17,-7.41,9.599,6.308,70.202,13.147,3177.541,0.213
Denmark,DNK,2001,5358825.0,211243390442.0,55.897,10.431,2.928,9.866,6.132,71.209,13.288,3233.438,0.218
Denmark,DNK,2002,5375967.0,213517288371.0,55.554,10.334,-0.612,9.659,5.917,70.151,13.049,3288.992,0.212
Denmark,DNK,2003,5390621.0,215549132167.0,60.645,11.25,9.164,9.6,6.065,75.571,14.019,3349.638,0.219
Denmark,DNK,2004,5404594.0,222528951750.0,55.1,10.195,-9.144,9.341,5.511,72.286,13.375,3404.738,0.193
Denmark,DNK,2005,5419550.0,229074701412.0,51.535,9.509,-6.47,9.249,5.428,68.154,12.576,3456.273,0.174
Denmark,DNK,2006,5437425.0,239411013967.0,59.5,10.943,15.456,9.211,5.054,74.533,13.707,3515.773,0.194
Denmark,DNK,2007,5461604.0,242913735233.0,54.709,10.017,-8.052,9.348,5.071,71.746,13.136,3570.482,0.174
Denmark,DNK,2008,5493762.0,243090598807.0,51.256,9.33,-6.312,9.095,5.175,67.892,12.358,3621.739,0.16
Denmark,DNK,2009,5523169.0,232507363099.0,48.851,8.845,-4.692,8.904,5.017,64.793,11.731,3670.59,0.155
Denmark,DNK,2010,5547865.0,238190225279.0,49.19,8.866,0.692,9.205,4.986,68.92,12.423,3719.78,0.148
Denmark,DNK,2011,5570848.0,242757622888.0,44.237,7.941,-10.069,9.08,4.946,60.459,10.853,3764.017,0.128
Denmark,DNK,2012,5591911.0,243307499552.0,39.861,7.128,-9.891,9.003,4.962,56.423,10.09,3803.878,0.114
Denmark,DNK,2013,5615333.0,245578374484.0,41.763,7.437,4.771,9.632,4.866,60.037,10.692,3845.641,0.118
Denmark,DNK,2014,5643795.0,249555233739.0,37.571,6.657,-10.037,9.603,5.014,54.201,9.604,3883.212,0.106
Denmark,DNK,2015,5683698.0,255401297489.0,35.111,6.177,-6.55,9.9,5.165,52.983,9.322,3918.323,0.099
Denmark,DNK,2016,5728196.0,263691544304.0,36.917,6.445,5.144,10.133,5.222,55.011,9.604,3955.24,0.104
Denmark,DNK,2017,5765164.0,271132202845.0,34.665,6.013,-6.1,10.186,5.254,53.512,9.282,3989.904,0.096
Denmark,DNK,2018,5793824.0,276526484620.0,34.609,5.973,-0.161,10.388,5.006,52.826,9.118,4024.513,0.094
Denmark,DNK,2019,5814618.0,280656364923.0,30.95,5.323,-10.571,10.582,5.129,49.099,8.444,4055.463,0.083
Denmark,DNK,2020,5831529.0,275058379473.0,28.3,4.853,-8.564,10.602,5.238,46.462,7.967,4083.763,0.08
Denmark,DNK,2021,5856774.0,288414406840.0,29.604,5.055,4.607,10.62,5.015,48.119,8.216,4113.367,0.08
Denmark,DNK,2022,5902901.0,299429011832.0,29.094,4.929,-1.72,10.226,4.875,46.789,7.926,4142.461,0.078
Denmark,DNK,2023,5948134.0,,28.831,4.847,-0.904,10.34,4.783,46.642,7.842,4171.292,0.076
Germany,DEU,2000,81797255.0,2718560455818.0,898.976,10.99,0.395,100.75,49.641,1042.311,12.743,76223.82,3.524
Germany,DEU,2001,81933882.0,2793373055251.0,915.255,11.171,1.811,96.953,47.462,1053.208,12.854,77139.078,3.562
Germany,DEU,2002,82068328.0,2822441773260.0,898.834,10.952,-1.794,93.47,46.377,1034.082,12.6,78037.906,3.422
Germany,DEU,2003,82111619.0,2831676106520.0,894.501,10.894,-0.482,90.241,45.183,1027.411,12.512,78932.414,3.235
Germany,DEU,2004,82092706.0,2894624877966.0,876.57,10.678,-2.005,87.161,44.703,1007.236,12.269,79808.984,3.064
Germany,DEU,2005,82046733.0,2945460930734.0,867.88,10.578,-0.991,84.118,43.785,994.287,12.119,80676.867,2.932
Germany,DEU,2006,81701971.0,3086359147617.0,886.434,10.85,2.138,81.356,42.561,1010.108,12.363,81563.297,2.897
Germany,DEU,2007,81298546.0,3220275669650.0,846.153,10.408,-4.544,81.571,42.884,972.651,11.964,82409.453,2.686
Germany,DEU,2008,81110780.0,3289020399474.0,856.643,10.561,1.24,79.662,41.268,978.997,12.07,83266.094,2.673
Germany,DEU,2009,80935276.0,3136502162046.0,789.984,9.761,-7.781,77.142,40.643,905.805,11.192,84056.078,2.507
Germany,DEU,2010,80830916.0,3301123203586.0,826.705,10.228,4.648,76.001,40.97,944.315,11.683,84882.781,2.481
Germany,DEU,2011,80857877.0,3467712967640.0,804.542,9.95,-2.681,74.456,39.874,917.062,11.342,85687.32,2.333
Germany,DEU,2012,80916391.0,3482225441398.0,814.093,10.061,1.187,73.017,40.136,928.365,11.473,86501.414,2.329
Germany,DEU,2013,81041581.0,3497463140441.0,831.746,10.263,2.168,71.534,40.875,946.155,11.675,87333.164,2.358
Germany,DEU,2014,81376078.0,3574741315261.0,792.584,9.74,-4.708,70.317,41.641,905.698,11.13,88125.742,2.235
Germany,DEU,2015,82077546.0,3628073946157.0,800.823,9.757,1.04,69.267,40.717,911.142,11.101,88926.57,2.262
Germany,DEU,2016,82760102.0,3708979940863.0,797.988,9.642,-0.354,67.725,39.922,907.177,10.962,89724.562,2.255
Germany,DEU,2017,83104010.0,3808389445530.0,784.595,9.441,-1.678,67.433,38.646,891.569,10.728,90509.156,2.181
Germany,DEU,2018,83368507.0,3845758522294.0,758.771,9.101,-3.291,65.036,37.497,859.214,10.306,91267.922,2.066
Germany,DEU,2019,83559184.0,3886392581475.0,708.649,8.481,-6.606,63.043,37.338,808.001,9.67,91976.57,1.911
Germany,DEU,2020,83628711.0,3742721113842.0,647.177,7.739,-8.675,61.045,36.143,743.816,8.894,92623.75,1.841
Germany,DEU,2021,83697080.0,3841041747482.0,677.998,8.101,4.762,60.245,35.44,774.763,9.257,93301.742,1.839
Germany,DEU,2022,84086227.0,3909612753939.0,667.843,7.942,-1.498,58.913,34.338,759.795,9.036,93969.586,1.78
Germany,DEU,2023,84548233.0,,593.766,7.023,-11.092,57.44,33.064,683.559,8.085,94563.352,1.559
India,IND,2000,1057922731.0,2804478499774.0,987.065,0.933,2.692,685.316,183.787,2005.885,1.896,18932.721,3.869
India,IND,2001,1077898579.0,2940745466088.0,1001.198,0.929,1.432,689.962,186.588,2000.273,1.856,19933.92,3.897
India,IND,2002,1097600380.0,3024984520809.0,1032.75,0.941,3.151,683.408,180.288,1994.045,1.817,20966.67,3.932
India,IND,2003,1116803000.0,3251114494190.0,1068.398,0.957,3.452,695.315,186.553,2059.556,1.844,22035.068,3.864
India,IND,2004,1135991509.0,3495022816540.0,1134.611,0.999,6.197,705.392,193.083,2129.202,1.874,23169.68,3.966
India,IND,2005,1154676321.0,3752627653422.0,1195.393,1.035,5.357,721.894,201.701,2205.413,1.91,24365.072,4.039
India,IND,2006,1172878888.0,4069856052453.0,1293.321,1.103,8.192,733.283,211.708,2324.594,1.982,25658.395,4.227
India,IND,2007,1190676028.0,4403215224414.0,1393.485,1.17,7.745,749.827,222.493,2485.674,2.088,27051.879,4.424
India,IND,2008,1207930960.0,4649548164533.0,1490.366,1.234,6.952,764.115,227.304,2641.331,2.187,28542.244,4.65
India,IND,2009,1225524764.0,4993478894185.0,1613.328,1.316,8.25,762.322,233.941,2738.05,2.234,30155.572,5.12
India,IND,2010,1243481565.0,5361371354007.0,1678.53,1.35,4.041,769.342,242.128,2848.131,2.29,31834.104,5.038
India,IND,2011,1261224956.0,5720692888000.0,1765.695,1.4,5.193,781.037,251.811,2950.343,2.339,33599.797,5.121
India,IND,2012,1278674501.0,6052427493607.0,1926.986,1.507,9.135,783.911,254.287,3164.01,2.474,35526.781,5.513
India,IND,2013,1295829507.0,6424470752490.0,1995.337,1.54,3.547,758.221,255.623,3124.772,2.411,37522.121,5.656
India,IND,2014,1312277184.0,6875186158349.0,2148.052,1.637,7.654,765.858,259.789,3216.867,2.451,39670.172,6.057
India,IND,2015,1328024494.0,7391521519812.0,2231.817,1.681,3.9,773.451,263.334,3290.423,2.478,41901.988,6.304
India,IND,2016,1343944296.0,8057465593010.0,2352.54,1.75,5.409,781.626,262.254,3365.011,2.504,44254.531,6.647
India,IND,2017,1359657398.0,8550029645172.0,2425.722,1.784,3.111,786.601,267.236,3415.989,2.512,46680.254,6.743
India,IND,2018,1374659067.0,9173201683791.0,2595.227,1.888,6.988,800.125,275.219,3616.201,2.631,49275.477,7.065
India,IND,2019,1389030307.0,9595463242427.0,2611.175,1.88,0.615,800.179,282.638,3613.001,2.601,51886.652,7.041
India,IND,2020,1402617694.0,8945313249462.0,2422.732,1.727,-7.217,807.835,289.398,3436.429,2.45,54309.387,6.891
India,IND,2021,1414203896.0,9801621018003.0,2675.778,1.892,10.445,821.053,290.389,3697.615,2.615,56985.164,7.258
India,IND,2022,1425423209.0,10476248645535.0,2831.132,1.986,5.806,835.674,298.332,3869.995,2.715,59816.297,7.544
India,IND,2023,1438069597.0,,3062.756,2.13,8.181,847.637,305.944,4121.424,2.866,62879.051,8.04
Netherlands,NLD,2000,16058757.0,603803040978.0,172.154,10.72,0.644,29.512,13.803,220.901,13.756,8396.241,0.675
Netherlands,NLD,2001,16182705.0,620170874924.0,177.464,10.966,3.085,28.794,13.34,225.195,13.916,8573.706,0.691
Netherlands,NLD,2002,16288060.0,624424625610.0,176.738,10.851,-0.409,27.431,13.086,223.77,13.738,8750.443,0.673
Netherlands,NLD,2003,16366914.0,629811489833.0,180.169,11.008,1.941,26.406,14.309,228.595,13.967,8930.612,0.652
Netherlands,NLD,2004,16425562.0,646331449347.0,182.09,11.086,1.067,26.109,14.578,231.636,14.102,9112.703,0.636
Netherlands,NLD,2005,16465707.0,664118269501.0,178.13,10.818,-2.175,24.293,14.681,227.757,13.832,9290.833,0.602
Netherlands,NLD,2006,16493851.0,691453801614.0,173.279,10.506,-2.723,23.782,16.744,223.169,13.53,9464.112,0.566
Netherlands,NLD,2007,16531360.0,721200009128.0,173.028,10.467,-0.145,23.518,15.652,220.701,13.35,9637.141,0.549
Netherlands,NLD,2008,16597259.0,737705013303.0,175.904,10.598,1.662,23.729,9.823,217.686,13.116,9813.044,0.549
Netherlands,NLD,2009,16684148.0,713986817901.0,170.433,10.215,-3.11,23.264,9.745,211.88,12.699,9983.477,0.541
Netherlands,NLD,2010,16771232.0,728193221597.0,182.479,10.88,7.067,23.254,9.698,222.691,13.278,10165.955,0.548
Netherlands,NLD,2011,16851061.0,744614396708.0,169.346,10.05,-7.197,22.593,9.644,208.04,12.346,10335.302,0.491
Netherlands,NLD,2012,16915191.0,736942199791.0,165.752,9.799,-2.122,22.313,9.689,205.055,12.123,10501.054,0.474
Netherlands,NLD,2013,16967066.0,735982982299.0,164.925,9.72,-0.499,22.363,9.565,203.779,12.01,10665.979,0.468
Netherlands,NLD,2014,17030085.0,746458868661.0,157.503,9.249,-4.501,22.218,9.716,196.54,11.541,10823.482,0.444
Netherlands,NLD,2015,17107429.0,761083250759.0,163.958,9.584,4.099,22.09,9.987,203.611,11.902,10987.44,0.463
Netherlands,NLD,2016,17204693.0,777764090323.0,164.812,9.579,0.521,22.899,9.875,204.847,11.906,11152.252,0.466
Netherlands,NLD,2017,17315376.0,800404023156.0,162.296,9.373,-1.527,22.16,9.672,200.622,11.586,11314.548,0.451
Netherlands,NLD,2018,17421285.0,819300805024.0,158.264,9.085,-2.484,21.52,9.33,195.007,11.194,11472.812,0.431
Netherlands,NLD,2019,17537505.0,835323029559.0,152.727,8.709,-3.499,20.925,9.319,188.466,10.746,11625.54,0.412
Netherlands,NLD,2020,17636732.0,802861622095.0,136.974,7.766,-10.314,19.995,9.332,171.522,9.725,11762.513,0.39
Netherlands,NLD,2021,17730565.0,841906706612.0,139.886,7.89,2.126,19.835,9.265,174.048,9.816,11902.398,0.379
Netherlands,NLD,2022,17904421.0,879609110665.0,127.503,7.121,-8.852,19.755,9.094,161.079,8.997,12029.901,0.34
Netherlands,NLD,2023,18092526.0,,117.016,6.468,-8.225,19.473,9.046,150.093,8.296,12146.918,0.307
Norway,NOR,2000,4490864.0,242751277829.0,42.131,9.381,-1.122,8.508,4.788,56.559,12.594,1747.306,0.165
Norway,NOR,2001,4513650.0,255455331302.0,43.519,9.642,3.294,9.249,4.798,58.866,13.042,1790.825,0.169
Norway,NOR,2002,4538016.0,267081351259.0,42.571,9.381,-2.178,9.62,4.791,58.147,12.813,1833.396,0.162
Norway,NOR,2003,4564666.0,277856282106.0,43.919,9.622,3.166,10.366,4.9,60.623,13.281,1877.315,0.159
Norway,NOR,2004,4591739.0,297743119876.0,44.257,9.638,0.77,10.451,4.918,61.09,13.304,1921.572,0.155
Norway,NOR,2005,4623120.0,314940774381.0,43.279,9.361,-2.21,9.661,4.903,59.828,12.941,1964.851,0.146
Norway,NOR,2006,4660487.0,332457531096.0,43.859,9.411,1.34,10.241,4.609,60.815,13.049,2008.71,0.143
Norway,NOR,2007,4709017.0,352692911227.0,45.605,9.685,3.981,11.076,4.363,63.453,13.475,2054.315,0.145
Norway,NOR,2008,4768097.0,364943654963.0,44.692,9.373,-2.002,10.868,4.066,62.303,13.067,2099.007,0.139
Norway,NOR,2009,4828625.0,370113292846.0,43.098,8.926,-3.567,10.372,3.719,60.05,12.436,2142.105,0.137
Norway,NOR,2010,4889160.0,383760934305.0,45.659,9.339,5.942,10.092,4.042,62.985,12.883,2187.764,0.137
Norway,NOR,2011,4952969.0,399420041611.0,44.775,9.04,-1.936,9.638,4.095,61.415,12.4,2232.539,0.13
Norway,NOR,2012,5018453.0,410276121127.0,44.258,8.819,-1.155,8.336,4.125,59.857,11.927,2276.797,0.127
Norway,NOR,2013,5080126.0,414445317738.0,44.539,8.767,0.635,8.41,4.08,60.652,11.939,2321.336,0.126
Norway,NOR,2014,5137397.0,422933730082.0,44.975,8.754,0.979,8.3,4.107,61.336,11.939,2366.311,0.127
Norway,NOR,2015,5189777.0,430788988142.0,45.523,8.772,1.218,8.408,4.181,62.446,12.032,2411.834,0.129
Norway,NOR,2016,5235974.0,435806553454.0,44.708,8.539,-1.79,8.323,4.16,61.784,11.8,2456.542,0.126
Norway,NOR,2017,5276807.0,446543702505.0,44.197,8.376,-1.143,8.233,4.152,61.7,11.693,2500.739,0.123
Norway,NOR,2018,5311751.0,450245217440.0,44.472,8.372,0.622,8.349,4.148,62.067,11.685,2545.211,0.121
Norway,NOR,2019,5347733.0,455304831150.0,42.866,8.016,-3.611,7.916,4.166,60.492,11.312,2588.077,0.116
Norway,NOR,2020,5379275.0,449485260525.0,41.275,7.673,-3.712,8.042,4.162,58.882,10.946,2629.352,0.117
Norway,NOR,2021,5408082.0,467007972731.0,41.058,7.592,-0.526,8.205,4.302,59.637,11.027,2670.41,0.111
Norway,NOR,2022,5456796.0,482328451592.0,40.833,7.483,-0.548,8.234,4.165,59.696,10.94,2711.243,0.109
Norway,NOR,2023,5519167.0,,38.869,7.043,-4.81,8.263,4.146,57.889,10.489,2750.112,0.102
Sweden,SWE,2000,8872099.0,303452362920.0,54.892,6.187,-1.867,10.953,6.508,69.902,7.879,4015.083,0.215
Sweden,SWE,2001,8896018.0,308398096624.0,55.782,6.27,1.621,10.946,6.101,71.973,8.091,4070.866,0.217
Sweden,SWE,2002,8925045.0,317463771012.0,56.634,6.345,1.526,11.161,6.248,72.766,8.153,4127.5,0.216
Sweden,SWE,2003,8958434.0,326402407102.0,57.221,6.387,1.037,11.217,6.232,75.363,8.412,4184.72,0.207
Sweden,SWE,2004,8993805.0,341901244849.0,56.428,6.274,-1.387,11.538,6.212,78.748,8.756,4241.148,0.197
Sweden,SWE,2005,9029771.0,354496929423.0,53.787,5.957,-4.679,9.793,6.06,76.726,8.497,4294.936,0.182
Sweden,SWE,2006,9080628.0,372234670461.0,53.651,5.908,-0.254,9.902,5.991,74.935,8.252,4348.586,0.175
Sweden,SWE,2007,9148280.0,387881844813.0,52.879,5.78,-1.439,9.603,6.018,74.248,8.116,4401.465,0.168
Sweden,SWE,2008,9219903.0,388980516356.0,50.765,5.506,-3.997,9.334,6.17,72.347,7.847,4452.23,0.158
Sweden,SWE,2009,9298738.0,373026350439.0,47.143,5.07,-7.135,9.263,5.883,68.712,7.389,4499.374,0.15
Sweden,SWE,2010,9378234.0,399838964466.0,53.029,5.654,12.484,8.888,6.163,75.368,8.036,4552.402,0.159
Sweden,SWE,2011,9449263.0,397617949429.0,49.114,5.198,-7.382,8.887,6.151,69.135,7.316,4601.516,0.142
Sweden,SWE,2012,9519477.0,395278763366.0,46.607,4.896,-5.104,8.814,6.019,67.445,7.085,4648.123,0.133
Sweden,SWE,2013,9600620.0,399973749048.0,45.106,4.698,-3.221,8.523,6.065,64.433,6.711,4693.229,0.128
Sweden,SWE,2014,9696438.0,410604225974.0,43.385,4.474,-3.816,8.22,6.165,62.225,6.417,4736.614,0.122
Sweden,SWE,2015,9799483.0,429037422635.0,43.31,4.42,-0.172,8.035,6.214,62.81,6.41,4779.924,0.122
Sweden,SWE,2016,9923281.0,437921057919.0,43.308,4.364,-0.004,8.028,6.174,63.422,6.391,4823.232,0.122
Sweden,SWE,2017,10057864.0,449166531542.0,42.355,4.211,-2.2,8.096,6.317,63.633,6.327,4865.588,0.118
Sweden,SWE,2018,10175400.0,457925387676.0,41.856,4.113,-1.179,8.039,6.169,62.154,6.108,4907.444,0.114
Sweden,SWE,2019,10279120.0,467020665386.0,40.772,3.967,-2.589,7.938,6.314,61.677,6.0,4948.216,0.11
Sweden,SWE,2020,10353682.0,456885314424.0,36.622,3.537,-10.179,7.964,6.506,56.409,5.448,4984.838,0.104
Sweden,SWE,2021,10416134.0,481492421258.0,38.568,3.703,5.313,7.942,6.362,59.835,5.744,5023.407,0.105
Sweden,SWE,2022,10487335.0,494214521158.0,36.342,3.465,-5.771,7.94,6.247,57.26,5.46,5059.749,0.097
Sweden,SWE,2023,10551493.0,,36.709,3.479,1.008,7.923,6.057,57.466,5.446,5096.457,0.096
United Kingdom,GBR,2000,59057333.0,1889565292321.0,569.034,9.635,1.315,100.304,35.664,710.466,12.03,69119.633,2.23
United Kingdom,GBR,2001,59288095.0,1939268312671.0,577.971,9.749,1.571,97.011,34.326,715.181,12.063,69697.602,2.25
United Kingdom,GBR,2002,59540764.0,1983994308619.0,560.273,9.41,-3.062,92.26,33.997,693.542,11.648,70257.875,2.133
United Kingdom,GBR,2003,59820385.0,2050625402735.0,571.619,9.556,2.025,87.62,33.598,701.843,11.733,70829.492,2.067
United Kingdom,GBR,2004,60169964.0,2099526641365.0,573.43,9.53,0.317,83.165,33.456,701.971,11.666,71402.922,2.004
United Kingdom,GBR,2005,60596107.0,2161729510824.0,570.338,9.412,-0.539,76.798,32.053,714.9,11.798,71973.266,1.927
United Kingdom,GBR,2006,61051093.0,2212618867772.0,567.846,9.301,-0.437,71.09,31.329,695.775,11.397,72541.109,1.856
United Kingdom,GBR,2007,61535859.0,2267631534502.0,559.566,9.093,-1.458,66.371,31.065,677.496,11.01,73100.672,1.776
United Kingdom,GBR,2008,62027303.0,2252034759561.0,544.932,8.785,-2.615,61.309,30.562,652.777,10.524,73645.602,1.7
United Kingdom,GBR,2009,62506222.0,2151479208521.0,494.108,7.905,-9.327,58.192,29.219,595.137,9.521,74139.711,1.568
United Kingdom,GBR,2010,63006482.0,2190919919855.0,511.905,8.125,3.602,53.283,29.91,608.752,9.662,74651.617,1.536
United Kingdom,GBR,2011,63509285.0,2223011392593.0,469.713,7.396,-8.242,51.071,29.747,565.547,8.905,75121.328,1.362
United Kingdom,GBR,2012,63960488.0,2255210551431.0,487.477,7.622,3.782,49.958,29.807,584.893,9.145,75608.812,1.395
United Kingdom,GBR,2013,64389386.0,2296252599482.0,477.611,7.418,-2.024,47.803,29.747,571.726,8.879,76086.422,1.354
United Kingdom,GBR,2014,64865914.0,2369725553442.0,438.807,6.765,-8.125,46.74,30.524,530.834,8.184,76525.227,1.237
United Kingdom,GBR,2015,65382107.0,2426435869267.0,422.461,6.461,-3.725,46.304,30.518,518.771,7.934,76947.688,1.193
United Kingdom,GBR,2016,65893359.0,2478973016876.0,399.43,6.062,-5.452,45.942,30.209,494.14,7.499,77347.117,1.129
United Kingdom,GBR,2017,66354473.0,2539548543933.0,387.367,5.838,-3.02,46.574,30.525,477.853,7.202,77734.484,1.077
United Kingdom,GBR,2018,66752473.0,2582848171416.0,379.73,5.689,-1.972,46.395,30.151,475.272,7.12,78114.219,1.034
United Kingdom,GBR,2019,67110958.0,2624285076706.0,364.753,5.435,-3.944,45.686,30.285,453.993,6.765,78478.969,0.984
United Kingdom,GBR,2020,67351860.0,2334804059780.0,326.263,4.844,-10.552,44.528,28.932,411.774,6.114,78805.227,0.928
United Kingdom,GBR,2021,67668788.0,2512190098029.0,342.366,5.059,4.935,44.922,29.73,425.768,6.292,79147.594,0.929
United Kingdom,GBR,2022,68179315.0,2615230634906.0,311.118,4.563,-9.127,44.674,28.922,392.132,5.751,79458.711,0.829
United Kingdom,GBR,2023,68682965.0,,307.826,4.482,-1.058,44.023,28.327,386.611,5.629,79766.547,0.808
United States,USA,2000,281484126.0,12947417795437.0,6023.158,21.398,3.843,799.68,268.434,7217.24,25.64,302659.188,23.61
United States,USA,2001,284279634.0,13073810008320.0,5903.562,20.767,-1.986,776.109,261.563,6976.344,24.54,308562.719,22.977
United States,USA,2002,287084335.0,13307343638671.0,5947.819,20.718,0.75,757.572,257.693,7059.111,24.589,314510.531,22.645
United States,USA,2003,289908091.0,13680911930765.0,6006.44,20.718,0.986,764.525,263.692,7245.448,24.992,320516.969,21.721
United States,USA,2004,292786248.0,14198910513593.0,6111.545,20.874,1.75,765.332,263.281,7314.667,24.983,326628.531,21.362
United States,USA,2005,295716666.0,14673826218839.0,6126.903,20.719,0.251,772.655,261.767,7428.8,25.121,332755.438,20.7
United States,USA,2006,298730208.0,15065164240312.0,6045.326,20.237,-1.331,785.023,265.772,7064.877,23.65,338800.781,19.76
United States,USA,2007,301844223.0,15333183877566.0,6121.542,20.28,1.261,793.939,266.411,7181.516,23.792,344922.312,19.434
United States,USA,2008,304970325.0,15288552732632.0,5919.221,19.409,-3.305,810.64,254.756,7074.333,23.197,350841.531,18.469
United States,USA,2009,308023452.0,14864003344421.0,5486.104,17.811,-7.317,772.483,250.126,6577.918,21.355,356327.656,17.409
United States,USA,2010,311062785.0,15239586726210.0,5669.25,18.225,3.338,756.187,256.39,6823.523,21.936,361996.875,17.016
United States,USA,2011,314105075.0,15477885525000.0,5538.973,17.634,-2.298,764.383,255.979,6523.64,20.769,367535.844,16.064
United States,USA,2012,317115349.0,15830886903539.0,5331.467,16.812,-3.746,749.641,249.914,6388.708,20.146,372867.344,15.252
United States,USA,2013,320110752.0,16122472460312.0,5473.436,17.099,2.663,748.067,254.243,6488.665,20.27,378340.781,15.516
United States,USA,2014,323115377.0,16491319003554.0,5531.385,17.119,1.059,763.215,252.467,6610.767,20.459,383872.125,15.596
United States,USA,2015,326126496.0,16937633974582.0,5368.497,16.461,-2.945,754.889,249.664,6408.286,19.65,389240.656,15.164
United States,USA,2016,329179423.0,17220065720000.0,5245.362,15.935,-2.294,733.371,251.182,6308.617,19.165,394486.031,14.82
United States,USA,2017,332204657.0,17606124654726.0,5195.417,15.639,-0.952,749.256,247.069,6319.225,19.022,399681.406,14.442
United States,USA,2018,335056492.0,18124692769570.0,5361.236,16.001,3.192,777.6,249.199,6466.737,19.3,405042.656,14.595
United States,USA,2019,337790069.0,18540552700117.0,5235.912,15.5,-2.338,799.062,244.477,6360.787,18.831,410278.562,14.118
United States,USA,2020,339436156.0,18027359681343.0,4689.954,13.817,-10.427,761.174,241.329,5758.456,16.965,414968.5,13.34
United States,USA,2021,340161438.0,19099378164000.0,5020.111,14.758,7.04,789.44,244.912,6131.129,18.024,419988.625,13.617
United States,USA,2022,341534041.0,19493170182843.0,5055.403,14.802,0.703,801.907,241.442,6201.504,18.158,425044.062,13.471
United States,USA,2023,343477330.0,,4918.407,14.319,-2.71,819.061,239.774,6078.455,17.697,429962.469,12.911
